date,hour,type,1010A
20220101,0,PM2.5,25
20220101,1,PM2.5,24
20220101,2,PM2.5,24
20220101,3,PM2.5,24
20220101,4,PM2.5,26
20220101,5,PM2.5,26
20220101,6,PM2.5,27
20220101,7,PM2.5,29
20220101,8,PM2.5,30
20220101,9,PM2.5,35
20220101,10,PM2.5,34
20220101,11,PM2.5,34
20220101,12,PM2.5,37
20220101,13,PM2.5,28
20220101,14,PM2.5,24
20220101,15,PM2.5,16
20220101,16,PM2.5,12
20220101,17,PM2.5,9
20220101,18,PM2.5,7
20220101,19,PM2.5,8
20220101,20,PM2.5,7
20220101,21,PM2.5,5
20220101,22,PM2.5,5
20220101,23,PM2.5,7
20220102,0,PM2.5,7
20220102,1,PM2.5,8
20220102,2,PM2.5,10
20220102,3,PM2.5,10
20220102,4,PM2.5,11
20220102,5,PM2.5,12
20220102,6,PM2.5,11
20220102,7,PM2.5,10
20220102,8,PM2.5,11
20220102,9,PM2.5,13
20220102,10,PM2.5,14
20220102,11,PM2.5,14
20220102,12,PM2.5,11
20220102,13,PM2.5,12
20220102,14,PM2.5,13
20220102,15,PM2.5,14
20220102,16,PM2.5,14
20220102,17,PM2.5,14
20220102,18,PM2.5,16
20220102,19,PM2.5,24
20220102,20,PM2.5,25
20220102,21,PM2.5,18
20220102,22,PM2.5,18
20220102,23,PM2.5,18
20220103,0,PM2.5,16
20220103,1,PM2.5,15
20220103,2,PM2.5,15
20220103,3,PM2.5,15
20220103,4,PM2.5,15
20220103,5,PM2.5,19
20220103,6,PM2.5,19
20220103,7,PM2.5,23
20220103,8,PM2.5,31
20220103,9,PM2.5,22
20220103,10,PM2.5,30
20220103,11,PM2.5,30
20220103,12,PM2.5,17
20220103,13,PM2.5,12
20220103,14,PM2.5,11
20220103,15,PM2.5,11
20220103,16,PM2.5,10
20220103,17,PM2.5,9
20220103,18,PM2.5,15
20220103,19,PM2.5,28
20220103,20,PM2.5,28
20220103,21,PM2.5,29
20220103,22,PM2.5,28
20220103,23,PM2.5,24
20220104,0,PM2.5,24
20220104,1,PM2.5,12
20220104,2,PM2.5,9
20220104,3,PM2.5,8
20220104,4,PM2.5,8
20220104,5,PM2.5,8
20220104,6,PM2.5,11
20220104,7,PM2.5,13
20220104,8,PM2.5,10
20220104,9,PM2.5,14
20220104,10,PM2.5,16
20220104,11,PM2.5,24
20220104,12,PM2.5,33
20220104,13,PM2.5,36
20220104,14,PM2.5,40
20220104,15,PM2.5,44
20220104,16,PM2.5,39
20220104,17,PM2.5,36
20220104,18,PM2.5,38
20220104,19,PM2.5,47
20220104,20,PM2.5,45
20220104,21,PM2.5,43
20220104,22,PM2.5,45
20220104,23,PM2.5,47
20220105,0,PM2.5,44
20220105,1,PM2.5,45
20220105,2,PM2.5,46
20220105,3,PM2.5,49
20220105,4,PM2.5,51
20220105,5,PM2.5,52
20220105,6,PM2.5,56
20220105,7,PM2.5,58
20220105,8,PM2.5,61
20220105,9,PM2.5,61
20220105,10,PM2.5,62
20220105,11,PM2.5,62
20220105,12,PM2.5,69
20220105,13,PM2.5,69
20220105,14,PM2.5,69
20220105,15,PM2.5,69
20220105,16,PM2.5,70
20220105,17,PM2.5,77
20220105,18,PM2.5,81
20220105,19,PM2.5,86
20220105,20,PM2.5,80
20220105,21,PM2.5,72
20220105,22,PM2.5,70
20220105,23,PM2.5,69
20220106,0,PM2.5,67
20220106,1,PM2.5,63
20220106,2,PM2.5,63
20220106,3,PM2.5,61
20220106,4,PM2.5,62
20220106,5,PM2.5,58
20220106,6,PM2.5,60
20220106,7,PM2.5,55
20220106,8,PM2.5,57
20220106,9,PM2.5,56
20220106,10,PM2.5,55
20220106,11,PM2.5,63
20220106,12,PM2.5,59
20220106,13,PM2.5,50
20220106,14,PM2.5,27
20220106,15,PM2.5,16
20220106,16,PM2.5,13
20220106,17,PM2.5,16
20220106,18,PM2.5,30
20220106,19,PM2.5,49
20220106,20,PM2.5,61
20220106,21,PM2.5,70
20220106,22,PM2.5,48
20220106,23,PM2.5,40
20220107,0,PM2.5,40
20220107,1,PM2.5,44
20220107,2,PM2.5,51
20220107,3,PM2.5,60
20220107,4,PM2.5,64
20220107,5,PM2.5,65
20220107,6,PM2.5,65
20220107,7,PM2.5,68
20220107,8,PM2.5,70
20220107,9,PM2.5,76
20220107,10,PM2.5,76
20220107,11,PM2.5,75
20220107,12,PM2.5,71
20220107,13,PM2.5,65
20220107,14,PM2.5,68
20220107,15,PM2.5,74
20220107,16,PM2.5,78
20220107,17,PM2.5,83
20220107,18,PM2.5,81
20220107,19,PM2.5,82
20220107,20,PM2.5,78
20220107,21,PM2.5,75
20220107,22,PM2.5,77
20220107,23,PM2.5,80
20220108,0,PM2.5,84
20220108,1,PM2.5,88
20220108,2,PM2.5,87
20220108,3,PM2.5,90
20220108,4,PM2.5,89
20220108,5,PM2.5,95
20220108,6,PM2.5,105
20220108,7,PM2.5,91
20220108,8,PM2.5,65
20220108,9,PM2.5,46
20220108,10,PM2.5,37
20220108,11,PM2.5,31
20220108,12,PM2.5,27
20220108,13,PM2.5,27
20220108,14,PM2.5,24
20220108,15,PM2.5,17
20220108,16,PM2.5,15
20220108,17,PM2.5,12
20220108,18,PM2.5,11
20220108,19,PM2.5,14
20220108,20,PM2.5,19
20220108,21,PM2.5,15
20220108,22,PM2.5,16
20220108,23,PM2.5,18
20220109,0,PM2.5,19
20220109,1,PM2.5,64
20220109,2,PM2.5,77
20220109,3,PM2.5,71
20220109,4,PM2.5,53
20220109,5,PM2.5,35
20220109,6,PM2.5,29
20220109,7,PM2.5,29
20220109,8,PM2.5,27
20220109,9,PM2.5,23
20220109,10,PM2.5,21
20220109,11,PM2.5,22
20220109,12,PM2.5,27
20220109,13,PM2.5,38
20220109,14,PM2.5,52
20220109,15,PM2.5,52
20220109,16,PM2.5,51
20220109,17,PM2.5,41
20220109,18,PM2.5,42
20220109,19,PM2.5,44
20220109,20,PM2.5,45
20220109,21,PM2.5,44
20220109,22,PM2.5,47
20220109,23,PM2.5,49
20220110,0,PM2.5,50
20220110,1,PM2.5,62
20220110,2,PM2.5,63
20220110,3,PM2.5,34
20220110,4,PM2.5,16
20220110,5,PM2.5,10
20220110,6,PM2.5,6
20220110,7,PM2.5,6
20220110,8,PM2.5,6
20220110,9,PM2.5,4
20220110,10,PM2.5,4
20220110,11,PM2.5,4
20220110,12,PM2.5,4
20220110,13,PM2.5,3
20220110,14,PM2.5,4
20220110,15,PM2.5,4
20220110,16,PM2.5,3
20220110,17,PM2.5,4
20220110,18,PM2.5,4
20220110,19,PM2.5,4
20220110,20,PM2.5,4
20220110,21,PM2.5,4
20220110,22,PM2.5,5
20220110,23,PM2.5,5
20220111,0,PM2.5,6
20220111,1,PM2.5,6
20220111,2,PM2.5,5
20220111,3,PM2.5,5
20220111,4,PM2.5,6
20220111,5,PM2.5,6
20220111,6,PM2.5,5
20220111,7,PM2.5,5
20220111,8,PM2.5,7
20220111,9,PM2.5,8
20220111,10,PM2.5,8
20220111,11,PM2.5,8
20220111,12,PM2.5,9
20220111,13,PM2.5,9
20220111,14,PM2.5,9
20220111,15,PM2.5,10
20220111,16,PM2.5,11
20220111,17,PM2.5,13
20220111,18,PM2.5,15
20220111,19,PM2.5,18
20220111,20,PM2.5,21
20220111,21,PM2.5,19
20220111,22,PM2.5,18
20220111,23,PM2.5,16
20220112,0,PM2.5,16
20220112,1,PM2.5,16
20220112,2,PM2.5,16
20220112,3,PM2.5,17
20220112,4,PM2.5,17
20220112,5,PM2.5,16
20220112,6,PM2.5,25
20220112,7,PM2.5,18
20220112,8,PM2.5,20
20220112,9,PM2.5,25
20220112,10,PM2.5,24
20220112,11,PM2.5,32
20220112,12,PM2.5,24
20220112,13,PM2.5,17
20220112,14,PM2.5,13
20220112,15,PM2.5,7
20220112,16,PM2.5,8
20220112,17,PM2.5,6
20220112,18,PM2.5,7
20220112,19,PM2.5,5
20220112,20,PM2.5,5
20220112,21,PM2.5,5
20220112,22,PM2.5,5
20220112,23,PM2.5,5
20220113,0,PM2.5,6
20220113,1,PM2.5,6
20220113,2,PM2.5,7
20220113,3,PM2.5,6
20220113,4,PM2.5,6
20220113,5,PM2.5,6
20220113,6,PM2.5,6
20220113,7,PM2.5,7
20220113,8,PM2.5,8
20220113,9,PM2.5,8
20220113,10,PM2.5,7
20220113,11,PM2.5,6
20220113,12,PM2.5,7
20220113,13,PM2.5,8
20220113,14,PM2.5,7
20220113,15,PM2.5,7
20220113,16,PM2.5,8
20220113,17,PM2.5,8
20220113,18,PM2.5,9
20220113,19,PM2.5,15
20220113,20,PM2.5,21
20220113,21,PM2.5,17
20220113,22,PM2.5,13
20220113,23,PM2.5,12
20220114,0,PM2.5,11
20220114,1,PM2.5,11
20220114,2,PM2.5,11
20220114,3,PM2.5,11
20220114,4,PM2.5,11
20220114,5,PM2.5,11
20220114,6,PM2.5,12
20220114,7,PM2.5,13
20220114,8,PM2.5,15
20220114,9,PM2.5,17
20220114,10,PM2.5,20
20220114,11,PM2.5,22
20220114,12,PM2.5,28
20220114,13,PM2.5,49
20220114,14,PM2.5,54
20220114,15,PM2.5,58
20220114,16,PM2.5,71
20220114,17,PM2.5,87
20220114,18,PM2.5,104
20220114,19,PM2.5,113
20220114,20,PM2.5,98
20220114,21,PM2.5,95
20220114,22,PM2.5,96
20220114,23,PM2.5,95
20220115,0,PM2.5,99
20220115,1,PM2.5,105
20220115,2,PM2.5,105
20220115,3,PM2.5,99
20220115,4,PM2.5,98
20220115,5,PM2.5,95
20220115,6,PM2.5,89
20220115,7,PM2.5,40
20220115,8,PM2.5,26
20220115,9,PM2.5,12
20220115,10,PM2.5,8
20220115,11,PM2.5,9
20220115,12,PM2.5,11
20220115,13,PM2.5,12
20220115,14,PM2.5,10
20220115,15,PM2.5,5
20220115,16,PM2.5,3
20220115,17,PM2.5,3
20220115,18,PM2.5,3
20220115,19,PM2.5,3
20220115,20,PM2.5,3
20220115,21,PM2.5,3
20220115,22,PM2.5,4
20220115,23,PM2.5,4
20220116,0,PM2.5,4
20220116,1,PM2.5,4
20220116,2,PM2.5,3
20220116,3,PM2.5,4
20220116,4,PM2.5,6
20220116,5,PM2.5,5
20220116,6,PM2.5,7
20220116,7,PM2.5,8
20220116,8,PM2.5,7
20220116,9,PM2.5,9
20220116,10,PM2.5,9
20220116,11,PM2.5,12
20220116,12,PM2.5,9
20220116,13,PM2.5,9
20220116,14,PM2.5,9
20220116,15,PM2.5,9
20220116,16,PM2.5,10
20220116,17,PM2.5,10
20220116,18,PM2.5,12
20220116,19,PM2.5,15
20220116,20,PM2.5,19
20220116,21,PM2.5,15
20220116,22,PM2.5,14
20220116,23,PM2.5,15
20220117,0,PM2.5,18
20220117,1,PM2.5,17
20220117,2,PM2.5,22
20220117,3,PM2.5,25
20220117,4,PM2.5,18
20220117,5,PM2.5,10
20220117,6,PM2.5,10
20220117,7,PM2.5,7
20220117,8,PM2.5,7
20220117,9,PM2.5,6
20220117,10,PM2.5,5
20220117,11,PM2.5,5
20220117,12,PM2.5,5
20220117,13,PM2.5,6
20220117,14,PM2.5,6
20220117,15,PM2.5,6
20220117,16,PM2.5,5
20220117,17,PM2.5,10
20220117,18,PM2.5,18
20220117,19,PM2.5,24
20220117,20,PM2.5,29
20220117,21,PM2.5,31
20220117,22,PM2.5,25
20220117,23,PM2.5,22
20220118,0,PM2.5,24
20220118,1,PM2.5,22
20220118,2,PM2.5,27
20220118,3,PM2.5,19
20220118,4,PM2.5,19
20220118,5,PM2.5,21
20220118,6,PM2.5,20
20220118,7,PM2.5,21
20220118,8,PM2.5,23
20220118,9,PM2.5,25
20220118,10,PM2.5,29
20220118,11,PM2.5,37
20220118,12,PM2.5,38
20220118,13,PM2.5,47
20220118,14,PM2.5,39
20220118,15,PM2.5,46
20220118,16,PM2.5,48
20220118,17,PM2.5,53
20220118,18,PM2.5,58
20220118,19,PM2.5,66
20220118,20,PM2.5,61
20220118,21,PM2.5,53
20220118,22,PM2.5,52
20220118,23,PM2.5,53
20220119,0,PM2.5,52
20220119,1,PM2.5,51
20220119,2,PM2.5,58
20220119,3,PM2.5,77
20220119,4,PM2.5,89
20220119,5,PM2.5,82
20220119,6,PM2.5,84
20220119,7,PM2.5,75
20220119,8,PM2.5,69
20220119,9,PM2.5,66
20220119,10,PM2.5,68
20220119,11,PM2.5,69
20220119,12,PM2.5,74
20220119,13,PM2.5,72
20220119,14,PM2.5,66
20220119,15,PM2.5,57
20220119,16,PM2.5,63
20220119,17,PM2.5,61
20220119,18,PM2.5,59
20220119,19,PM2.5,54
20220119,20,PM2.5,44
20220119,21,PM2.5,39
20220119,22,PM2.5,39
20220119,23,PM2.5,41
20220120,0,PM2.5,29
20220120,1,PM2.5,23
20220120,2,PM2.5,21
20220120,3,PM2.5,18
20220120,4,PM2.5,21
20220120,5,PM2.5,34
20220120,6,PM2.5,43
20220120,7,PM2.5,42
20220120,8,PM2.5,43
20220120,9,PM2.5,42
20220120,10,PM2.5,39
20220120,11,PM2.5,40
20220120,12,PM2.5,43
20220120,13,PM2.5,45
20220120,14,PM2.5,45
20220120,15,PM2.5,46
20220120,16,PM2.5,47
20220120,17,PM2.5,47
20220120,18,PM2.5,49
20220120,19,PM2.5,52
20220120,20,PM2.5,54
20220120,21,PM2.5,55
20220120,22,PM2.5,56
20220120,23,PM2.5,56
20220121,0,PM2.5,57
20220121,1,PM2.5,58
20220121,2,PM2.5,62
20220121,3,PM2.5,64
20220121,4,PM2.5,65
20220121,5,PM2.5,63
20220121,6,PM2.5,61
20220121,7,PM2.5,58
20220121,8,PM2.5,57
20220121,9,PM2.5,55
20220121,10,PM2.5,54
20220121,11,PM2.5,58
20220121,12,PM2.5,60
20220121,13,PM2.5,62
20220121,14,PM2.5,62
20220121,15,PM2.5,62
20220121,16,PM2.5,66
20220121,17,PM2.5,68
20220121,18,PM2.5,71
20220121,19,PM2.5,72
20220121,20,PM2.5,72
20220121,21,PM2.5,75
20220121,22,PM2.5,77
20220121,23,PM2.5,80
20220122,0,PM2.5,81
20220122,1,PM2.5,83
20220122,2,PM2.5,85
20220122,3,PM2.5,84
20220122,4,PM2.5,84
20220122,5,PM2.5,85
20220122,6,PM2.5,86
20220122,7,PM2.5,86
20220122,8,PM2.5,89
20220122,9,PM2.5,90
20220122,10,PM2.5,94
20220122,11,PM2.5,99
20220122,12,PM2.5,105
20220122,13,PM2.5,109
20220122,14,PM2.5,111
20220122,15,PM2.5,109
20220122,16,PM2.5,105
20220122,17,PM2.5,103
20220122,18,PM2.5,107
20220122,19,PM2.5,107
20220122,20,PM2.5,109
20220122,21,PM2.5,111
20220122,22,PM2.5,100
20220122,23,PM2.5,99
20220123,0,PM2.5,101
20220123,1,PM2.5,98
20220123,2,PM2.5,99
20220123,3,PM2.5,99
20220123,4,PM2.5,98
20220123,5,PM2.5,96
20220123,6,PM2.5,96
20220123,7,PM2.5,97
20220123,8,PM2.5,97
20220123,9,PM2.5,99
20220123,10,PM2.5,106
20220123,11,PM2.5,109
20220123,12,PM2.5,111
20220123,13,PM2.5,106
20220123,14,PM2.5,103
20220123,15,PM2.5,101
20220123,16,PM2.5,95
20220123,17,PM2.5,104
20220123,18,PM2.5,123
20220123,19,PM2.5,144
20220123,20,PM2.5,157
20220123,21,PM2.5,155
20220123,22,PM2.5,153
20220123,23,PM2.5,157
20220124,0,PM2.5,160
20220124,1,PM2.5,157
20220124,2,PM2.5,156
20220124,3,PM2.5,156
20220124,4,PM2.5,164
20220124,5,PM2.5,168
20220124,6,PM2.5,168
20220124,7,PM2.5,166
20220124,8,PM2.5,164
20220124,9,PM2.5,160
20220124,10,PM2.5,164
20220124,11,PM2.5,168
20220124,12,PM2.5,157
20220124,13,PM2.5,143
20220124,14,PM2.5,151
20220124,15,PM2.5,147
20220124,16,PM2.5,141
20220124,17,PM2.5,140
20220124,18,PM2.5,142
20220124,19,PM2.5,143
20220124,20,PM2.5,143
20220124,21,PM2.5,143
20220124,22,PM2.5,143
20220124,23,PM2.5,144
20220125,0,PM2.5,143
20220125,1,PM2.5,143
20220125,2,PM2.5,147
20220125,3,PM2.5,147
20220125,4,PM2.5,146
20220125,5,PM2.5,148
20220125,6,PM2.5,144
20220125,7,PM2.5,139
20220125,8,PM2.5,137
20220125,9,PM2.5,95
20220125,10,PM2.5,39
20220125,11,PM2.5,23
20220125,12,PM2.5,10
20220125,13,PM2.5,11
20220125,14,PM2.5,9
20220125,15,PM2.5,8
20220125,16,PM2.5,6
20220125,17,PM2.5,5
20220125,18,PM2.5,5
20220125,19,PM2.5,6
20220125,20,PM2.5,6
20220125,21,PM2.5,6
20220125,22,PM2.5,7
20220125,23,PM2.5,7
20220126,0,PM2.5,7
20220126,1,PM2.5,7
20220126,2,PM2.5,7
20220126,3,PM2.5,8
20220126,4,PM2.5,8
20220126,5,PM2.5,8
20220126,6,PM2.5,8
20220126,7,PM2.5,8
20220126,8,PM2.5,8
20220126,9,PM2.5,9
20220126,10,PM2.5,9
20220126,11,PM2.5,9
20220126,12,PM2.5,9
20220126,13,PM2.5,9
20220126,14,PM2.5,10
20220126,15,PM2.5,10
20220126,16,PM2.5,10
20220126,17,PM2.5,10
20220126,18,PM2.5,12
20220126,19,PM2.5,13
20220126,20,PM2.5,16
20220126,21,PM2.5,16
20220126,22,PM2.5,15
20220126,23,PM2.5,16
20220127,0,PM2.5,13
20220127,1,PM2.5,14
20220127,2,PM2.5,16
20220127,3,PM2.5,17
20220127,4,PM2.5,17
20220127,5,PM2.5,18
20220127,6,PM2.5,17
20220127,7,PM2.5,16
20220127,8,PM2.5,15
20220127,9,PM2.5,14
20220127,10,PM2.5,13
20220127,11,PM2.5,14
20220127,12,PM2.5,12
20220127,13,PM2.5,11
20220127,14,PM2.5,9
20220127,15,PM2.5,7
20220127,16,PM2.5,7
20220127,17,PM2.5,9
20220127,18,PM2.5,12
20220127,19,PM2.5,12
20220127,20,PM2.5,17
20220127,21,PM2.5,7
20220127,22,PM2.5,7
20220127,23,PM2.5,11
20220128,0,PM2.5,12
20220128,1,PM2.5,12
20220128,2,PM2.5,13
20220128,3,PM2.5,13
20220128,4,PM2.5,12
20220128,5,PM2.5,10
20220128,6,PM2.5,11
20220128,7,PM2.5,11
20220128,8,PM2.5,11
20220128,9,PM2.5,10
20220128,10,PM2.5,10
20220128,11,PM2.5,9
20220128,12,PM2.5,8
20220128,13,PM2.5,8
20220128,14,PM2.5,7
20220128,15,PM2.5,7
20220128,16,PM2.5,9
20220128,17,PM2.5,9
20220128,18,PM2.5,10
20220128,19,PM2.5,12
20220128,20,PM2.5,18
20220128,21,PM2.5,14
20220128,22,PM2.5,11
20220128,23,PM2.5,9
20220129,0,PM2.5,8
20220129,1,PM2.5,9
20220129,2,PM2.5,10
20220129,3,PM2.5,11
20220129,4,PM2.5,11
20220129,5,PM2.5,11
20220129,6,PM2.5,11
20220129,7,PM2.5,11
20220129,8,PM2.5,16
20220129,9,PM2.5,17
20220129,10,PM2.5,16
20220129,11,PM2.5,15
20220129,12,PM2.5,14
20220129,13,PM2.5,16
20220129,14,PM2.5,13
20220129,15,PM2.5,12
20220129,16,PM2.5,13
20220129,17,PM2.5,13
20220129,18,PM2.5,18
20220129,19,PM2.5,24
20220129,20,PM2.5,22
20220129,21,PM2.5,20
20220129,22,PM2.5,20
20220129,23,PM2.5,19
20220130,0,PM2.5,21
20220130,1,PM2.5,24
20220130,2,PM2.5,26
20220130,3,PM2.5,28
20220130,4,PM2.5,30
20220130,5,PM2.5,30
20220130,6,PM2.5,30
20220130,7,PM2.5,31
20220130,8,PM2.5,32
20220130,9,PM2.5,32
20220130,10,PM2.5,32
20220130,11,PM2.5,31
20220130,12,PM2.5,31
20220130,13,PM2.5,43
20220130,14,PM2.5,88
20220130,15,PM2.5,113
20220130,16,PM2.5,121
20220130,17,PM2.5,132
20220130,18,PM2.5,145
20220130,19,PM2.5,153
20220130,20,PM2.5,157
20220130,21,PM2.5,168
20220130,22,PM2.5,169
20220130,23,PM2.5,126
20220131,0,PM2.5,72
20220131,1,PM2.5,23
20220131,2,PM2.5,7
20220131,3,PM2.5,5
20220131,4,PM2.5,4
20220131,5,PM2.5,4
20220131,6,PM2.5,5
20220131,7,PM2.5,5
20220131,8,PM2.5,5
20220131,9,PM2.5,5
20220131,10,PM2.5,5
20220131,11,PM2.5,6
20220131,12,PM2.5,6
20220131,13,PM2.5,7
20220131,14,PM2.5,6
20220131,15,PM2.5,7
20220131,16,PM2.5,7
20220131,17,PM2.5,5
20220131,18,PM2.5,6
20220131,19,PM2.5,6
20220131,20,PM2.5,6
20220131,21,PM2.5,7
20220131,22,PM2.5,6
20220131,23,PM2.5,6
20220201,0,PM2.5,5
20220201,1,PM2.5,4
20220201,2,PM2.5,4
20220201,3,PM2.5,4
20220201,4,PM2.5,4
20220201,5,PM2.5,4
20220201,6,PM2.5,5
20220201,7,PM2.5,5
20220201,8,PM2.5,4
20220201,9,PM2.5,5
20220201,10,PM2.5,5
20220201,11,PM2.5,6
20220201,12,PM2.5,4
20220201,13,PM2.5,4
20220201,14,PM2.5,4
20220201,15,PM2.5,3
20220201,16,PM2.5,4
20220201,17,PM2.5,5
20220201,18,PM2.5,6
20220201,19,PM2.5,9
20220201,20,PM2.5,10
20220201,21,PM2.5,13
20220201,22,PM2.5,8
20220201,23,PM2.5,7
20220202,0,PM2.5,5
20220202,1,PM2.5,7
20220202,2,PM2.5,9
20220202,3,PM2.5,10
20220202,4,PM2.5,9
20220202,5,PM2.5,9
20220202,6,PM2.5,10
20220202,7,PM2.5,10
20220202,8,PM2.5,8
20220202,9,PM2.5,8
20220202,10,PM2.5,8
20220202,11,PM2.5,7
20220202,12,PM2.5,5
20220202,13,PM2.5,5
20220202,14,PM2.5,4
20220202,15,PM2.5,5
20220202,16,PM2.5,5
20220202,17,PM2.5,5
20220202,18,PM2.5,7
20220202,19,PM2.5,11
20220202,20,PM2.5,12
20220202,21,PM2.5,13
20220202,22,PM2.5,9
20220202,23,PM2.5,9
20220203,0,PM2.5,10
20220203,1,PM2.5,11
20220203,2,PM2.5,9
20220203,3,PM2.5,8
20220203,4,PM2.5,8
20220203,5,PM2.5,8
20220203,6,PM2.5,7
20220203,7,PM2.5,7
20220203,8,PM2.5,7
20220203,9,PM2.5,6
20220203,10,PM2.5,7
20220203,11,PM2.5,7
20220203,12,PM2.5,8
20220203,13,PM2.5,9
20220203,14,PM2.5,8
20220203,15,PM2.5,7
20220203,16,PM2.5,6
20220203,17,PM2.5,6
20220203,18,PM2.5,6
20220203,19,PM2.5,6
20220203,20,PM2.5,6
20220203,21,PM2.5,6
20220203,22,PM2.5,7
20220203,23,PM2.5,9
20220204,0,PM2.5,9
20220204,1,PM2.5,8
20220204,2,PM2.5,8
20220204,3,PM2.5,7
20220204,4,PM2.5,7
20220204,5,PM2.5,6
20220204,6,PM2.5,6
20220204,7,PM2.5,6
20220204,8,PM2.5,7
20220204,9,PM2.5,7
20220204,10,PM2.5,7
20220204,11,PM2.5,8
20220204,12,PM2.5,8
20220204,13,PM2.5,7
20220204,14,PM2.5,6
20220204,15,PM2.5,6
20220204,16,PM2.5,5
20220204,17,PM2.5,4
20220204,18,PM2.5,5
20220204,19,PM2.5,7
20220204,20,PM2.5,7
20220204,21,PM2.5,7
20220204,22,PM2.5,8
20220204,23,PM2.5,8
20220205,0,PM2.5,8
20220205,1,PM2.5,7
20220205,2,PM2.5,7
20220205,3,PM2.5,7
20220205,4,PM2.5,7
20220205,5,PM2.5,7
20220205,6,PM2.5,7
20220205,7,PM2.5,7
20220205,8,PM2.5,7
20220205,9,PM2.5,8
20220205,10,PM2.5,8
20220205,11,PM2.5,10
20220205,12,PM2.5,9
20220205,13,PM2.5,8
20220205,14,PM2.5,8
20220205,15,PM2.5,7
20220205,16,PM2.5,7
20220205,17,PM2.5,7
20220205,18,PM2.5,8
20220205,19,PM2.5,10
20220205,20,PM2.5,15
20220205,21,PM2.5,12
20220205,22,PM2.5,8
20220205,23,PM2.5,6
20220206,0,PM2.5,5
20220206,1,PM2.5,5
20220206,2,PM2.5,5
20220206,3,PM2.5,5
20220206,4,PM2.5,4
20220206,5,PM2.5,5
20220206,6,PM2.5,5
20220206,7,PM2.5,5
20220206,8,PM2.5,6
20220206,9,PM2.5,7
20220206,10,PM2.5,7
20220206,11,PM2.5,7
20220206,12,PM2.5,8
20220206,13,PM2.5,7
20220206,14,PM2.5,6
20220206,15,PM2.5,7
20220206,16,PM2.5,7
20220206,17,PM2.5,8
20220206,18,PM2.5,10
20220206,19,PM2.5,16
20220206,20,PM2.5,16
20220206,21,PM2.5,12
20220206,22,PM2.5,6
20220206,23,PM2.5,7
20220207,0,PM2.5,9
20220207,1,PM2.5,8
20220207,2,PM2.5,8
20220207,3,PM2.5,11
20220207,4,PM2.5,11
20220207,5,PM2.5,10
20220207,6,PM2.5,9
20220207,7,PM2.5,9
20220207,8,PM2.5,11
20220207,9,PM2.5,11
20220207,10,PM2.5,8
20220207,11,PM2.5,7
20220207,12,PM2.5,6
20220207,13,PM2.5,6
20220207,14,PM2.5,5
20220207,15,PM2.5,5
20220207,16,PM2.5,6
20220207,17,PM2.5,6
20220207,18,PM2.5,8
20220207,19,PM2.5,13
20220207,20,PM2.5,19
20220207,21,PM2.5,10
20220207,22,PM2.5,9
20220207,23,PM2.5,10
20220208,0,PM2.5,8
20220208,1,PM2.5,9
20220208,2,PM2.5,8
20220208,3,PM2.5,10
20220208,4,PM2.5,11
20220208,5,PM2.5,11
20220208,6,PM2.5,11
20220208,7,PM2.5,11
20220208,8,PM2.5,10
20220208,9,PM2.5,10
20220208,10,PM2.5,9
20220208,11,PM2.5,8
20220208,12,PM2.5,7
20220208,13,PM2.5,5
20220208,14,PM2.5,5
20220208,15,PM2.5,4
20220208,16,PM2.5,5
20220208,17,PM2.5,10
20220208,18,PM2.5,13
20220208,19,PM2.5,17
20220208,20,PM2.5,22
20220208,21,PM2.5,19
20220208,22,PM2.5,16
20220208,23,PM2.5,16
20220209,0,PM2.5,16
20220209,1,PM2.5,16
20220209,2,PM2.5,16
20220209,3,PM2.5,16
20220209,4,PM2.5,17
20220209,5,PM2.5,17
20220209,6,PM2.5,18
20220209,7,PM2.5,18
20220209,8,PM2.5,20
20220209,9,PM2.5,25
20220209,10,PM2.5,27
20220209,11,PM2.5,27
20220209,12,PM2.5,26
20220209,13,PM2.5,24
20220209,14,PM2.5,23
20220209,15,PM2.5,24
20220209,16,PM2.5,26
20220209,17,PM2.5,30
20220209,18,PM2.5,34
20220209,19,PM2.5,38
20220209,20,PM2.5,40
20220209,21,PM2.5,35
20220209,22,PM2.5,34
20220209,23,PM2.5,38
20220210,0,PM2.5,39
20220210,1,PM2.5,41
20220210,2,PM2.5,46
20220210,3,PM2.5,51
20220210,4,PM2.5,65
20220210,5,PM2.5,59
20220210,6,PM2.5,50
20220210,7,PM2.5,54
20220210,8,PM2.5,63
20220210,9,PM2.5,63
20220210,10,PM2.5,67
20220210,11,PM2.5,63
20220210,12,PM2.5,60
20220210,13,PM2.5,57
20220210,14,PM2.5,54
20220210,15,PM2.5,54
20220210,16,PM2.5,52
20220210,17,PM2.5,49
20220210,18,PM2.5,47
20220210,19,PM2.5,50
20220210,20,PM2.5,56
20220210,21,PM2.5,54
20220210,22,PM2.5,52
20220210,23,PM2.5,51
20220211,0,PM2.5,50
20220211,1,PM2.5,53
20220211,2,PM2.5,54
20220211,3,PM2.5,51
20220211,4,PM2.5,52
20220211,5,PM2.5,55
20220211,6,PM2.5,45
20220211,7,PM2.5,36
20220211,8,PM2.5,32
20220211,9,PM2.5,30
20220211,10,PM2.5,15
20220211,11,PM2.5,11
20220211,12,PM2.5,16
20220211,13,PM2.5,18
20220211,14,PM2.5,13
20220211,15,PM2.5,12
20220211,16,PM2.5,10
20220211,17,PM2.5,10
20220211,18,PM2.5,12
20220211,19,PM2.5,47
20220211,20,PM2.5,60
20220211,21,PM2.5,71
20220211,22,PM2.5,87
20220211,23,PM2.5,59
20220212,0,PM2.5,46
20220212,1,PM2.5,36
20220212,2,PM2.5,33
20220212,3,PM2.5,34
20220212,4,PM2.5,33
20220212,5,PM2.5,29
20220212,6,PM2.5,25
20220212,7,PM2.5,24
20220212,8,PM2.5,21
20220212,9,PM2.5,20
20220212,10,PM2.5,21
20220212,11,PM2.5,24
20220212,12,PM2.5,28
20220212,13,PM2.5,29
20220212,14,PM2.5,30
20220212,15,PM2.5,31
20220212,16,PM2.5,32
20220212,17,PM2.5,35
20220212,18,PM2.5,37
20220212,19,PM2.5,37
20220212,20,PM2.5,39
20220212,21,PM2.5,43
20220212,22,PM2.5,46
20220212,23,PM2.5,49
20220213,0,PM2.5,50
20220213,1,PM2.5,52
20220213,2,PM2.5,54
20220213,3,PM2.5,52
20220213,4,PM2.5,53
20220213,5,PM2.5,57
20220213,6,PM2.5,62
20220213,7,PM2.5,65
20220213,8,PM2.5,67
20220213,9,PM2.5,64
20220213,10,PM2.5,65
20220213,11,PM2.5,59
20220213,12,PM2.5,54
20220213,13,PM2.5,56
20220213,14,PM2.5,56
20220213,15,PM2.5,50
20220213,16,PM2.5,38
20220213,17,PM2.5,42
20220213,18,PM2.5,39
20220213,19,PM2.5,41
20220213,20,PM2.5,39
20220213,21,PM2.5,36
20220213,22,PM2.5,34
20220213,23,PM2.5,34
20220214,0,PM2.5,35
20220214,1,PM2.5,19
20220214,2,PM2.5,11
20220214,3,PM2.5,10
20220214,4,PM2.5,10
20220214,5,PM2.5,8
20220214,6,PM2.5,8
20220214,7,PM2.5,8
20220214,8,PM2.5,9
20220214,9,PM2.5,9
20220214,10,PM2.5,9
20220214,11,PM2.5,9
20220214,12,PM2.5,10
20220214,13,PM2.5,10
20220214,14,PM2.5,9
20220214,15,PM2.5,9
20220214,16,PM2.5,9
20220214,17,PM2.5,9
20220214,18,PM2.5,11
20220214,19,PM2.5,13
20220214,20,PM2.5,14
20220214,21,PM2.5,13
20220214,22,PM2.5,9
20220214,23,PM2.5,8
20220215,0,PM2.5,8
20220215,1,PM2.5,9
20220215,2,PM2.5,10
20220215,3,PM2.5,10
20220215,4,PM2.5,11
20220215,5,PM2.5,11
20220215,6,PM2.5,10
20220215,7,PM2.5,10
20220215,8,PM2.5,10
20220215,9,PM2.5,11
20220215,10,PM2.5,12
20220215,11,PM2.5,13
20220215,12,PM2.5,14
20220215,13,PM2.5,15
20220215,14,PM2.5,14
20220215,15,PM2.5,14
20220215,16,PM2.5,15
20220215,17,PM2.5,15
20220215,18,PM2.5,14
20220215,19,PM2.5,14
20220215,20,PM2.5,16
20220215,21,PM2.5,20
20220215,22,PM2.5,16
20220215,23,PM2.5,9
20220216,0,PM2.5,6
20220216,1,PM2.5,6
20220216,2,PM2.5,13
20220216,3,PM2.5,12
20220216,4,PM2.5,12
20220216,5,PM2.5,12
20220216,6,PM2.5,12
20220216,7,PM2.5,11
20220216,8,PM2.5,13
20220216,9,PM2.5,13
20220216,10,PM2.5,12
20220216,11,PM2.5,13
20220216,12,PM2.5,13
20220216,13,PM2.5,11
20220216,14,PM2.5,10
20220216,15,PM2.5,9
20220216,16,PM2.5,10
20220216,17,PM2.5,10
20220216,18,PM2.5,10
20220216,19,PM2.5,12
20220216,20,PM2.5,15
20220216,21,PM2.5,16
20220216,22,PM2.5,14
20220216,23,PM2.5,12
20220217,0,PM2.5,10
20220217,1,PM2.5,12
20220217,2,PM2.5,15
20220217,3,PM2.5,14
20220217,4,PM2.5,14
20220217,5,PM2.5,11
20220217,6,PM2.5,11
20220217,7,PM2.5,15
20220217,8,PM2.5,16
20220217,9,PM2.5,15
20220217,10,PM2.5,19
20220217,11,PM2.5,27
20220217,12,PM2.5,28
20220217,13,PM2.5,29
20220217,14,PM2.5,35
20220217,15,PM2.5,40
20220217,16,PM2.5,38
20220217,17,PM2.5,30
20220217,18,PM2.5,27
20220217,19,PM2.5,24
20220217,20,PM2.5,26
20220217,21,PM2.5,33
20220217,22,PM2.5,30
20220217,23,PM2.5,31
20220218,0,PM2.5,32
20220218,1,PM2.5,32
20220218,2,PM2.5,32
20220218,3,PM2.5,32
20220218,4,PM2.5,33
20220218,5,PM2.5,36
20220218,6,PM2.5,42
20220218,7,PM2.5,51
20220218,8,PM2.5,49
20220218,9,PM2.5,51
20220218,10,PM2.5,53
20220218,11,PM2.5,63
20220218,12,PM2.5,65
20220218,13,PM2.5,42
20220218,14,PM2.5,17
20220218,15,PM2.5,6
20220218,16,PM2.5,6
20220218,17,PM2.5,6
20220218,18,PM2.5,7
20220218,19,PM2.5,8
20220218,20,PM2.5,9
20220218,21,PM2.5,8
20220218,22,PM2.5,9
20220218,23,PM2.5,8
20220219,0,PM2.5,8
20220219,1,PM2.5,8
20220219,2,PM2.5,8
20220219,3,PM2.5,8
20220219,4,PM2.5,7
20220219,5,PM2.5,7
20220219,7,PM2.5,7
20220219,8,PM2.5,8
20220219,9,PM2.5,8
20220219,10,PM2.5,9
20220219,11,PM2.5,10
20220219,12,PM2.5,11
20220219,13,PM2.5,12
20220219,14,PM2.5,11
20220219,15,PM2.5,9
20220219,16,PM2.5,8
20220219,17,PM2.5,8
20220219,18,PM2.5,8
20220219,19,PM2.5,10
20220219,20,PM2.5,12
20220219,21,PM2.5,8
20220219,22,PM2.5,9
20220219,23,PM2.5,8
20220220,0,PM2.5,8
20220220,1,PM2.5,8
20220220,2,PM2.5,8
20220220,3,PM2.5,8
20220220,4,PM2.5,8
20220220,5,PM2.5,7
20220220,6,PM2.5,8
20220220,7,PM2.5,9
20220220,8,PM2.5,8
20220220,9,PM2.5,9
20220220,10,PM2.5,11
20220220,11,PM2.5,10
20220220,12,PM2.5,8
20220220,13,PM2.5,9
20220220,14,PM2.5,10
20220220,15,PM2.5,10
20220220,16,PM2.5,8
20220220,17,PM2.5,8
20220220,18,PM2.5,7
20220220,19,PM2.5,6
20220220,20,PM2.5,7
20220220,21,PM2.5,7
20220220,23,PM2.5,8
20220221,0,PM2.5,7
20220221,1,PM2.5,7
20220221,2,PM2.5,6
20220221,3,PM2.5,6
20220221,4,PM2.5,6
20220221,5,PM2.5,6
20220221,6,PM2.5,7
20220221,7,PM2.5,8
20220221,8,PM2.5,9
20220221,9,PM2.5,10
20220221,10,PM2.5,9
20220221,11,PM2.5,7
20220221,12,PM2.5,6
20220221,13,PM2.5,6
20220221,14,PM2.5,6
20220221,15,PM2.5,7
20220221,16,PM2.5,5
20220221,17,PM2.5,5
20220221,18,PM2.5,7
20220221,20,PM2.5,9
20220221,21,PM2.5,9
20220221,22,PM2.5,9
20220221,23,PM2.5,9
20220222,0,PM2.5,9
20220222,1,PM2.5,9
20220222,2,PM2.5,9
20220222,3,PM2.5,10
20220222,4,PM2.5,9
20220222,5,PM2.5,10
20220222,6,PM2.5,11
20220222,7,PM2.5,11
20220222,9,PM2.5,12
20220222,10,PM2.5,12
20220222,11,PM2.5,11
20220222,12,PM2.5,12
20220222,13,PM2.5,11
20220222,14,PM2.5,10
20220222,15,PM2.5,9
20220222,16,PM2.5,10
20220222,17,PM2.5,9
20220222,18,PM2.5,8
20220222,19,PM2.5,7
20220222,20,PM2.5,7
20220222,21,PM2.5,8
20220222,22,PM2.5,8
20220222,23,PM2.5,8
20220223,0,PM2.5,9
20220223,1,PM2.5,9
20220223,2,PM2.5,9
20220223,3,PM2.5,11
20220223,4,PM2.5,17
20220223,5,PM2.5,16
20220223,6,PM2.5,15
20220223,7,PM2.5,15
20220223,8,PM2.5,15
20220223,9,PM2.5,17
20220223,10,PM2.5,15
20220223,11,PM2.5,15
20220223,12,PM2.5,9
20220223,13,PM2.5,8
20220223,14,PM2.5,5
20220223,15,PM2.5,6
20220223,16,PM2.5,7
20220223,17,PM2.5,10
20220223,18,PM2.5,15
20220223,19,PM2.5,19
20220223,20,PM2.5,25
20220223,21,PM2.5,26
20220223,22,PM2.5,19
20220223,23,PM2.5,16
20220224,0,PM2.5,13
20220224,1,PM2.5,10
20220224,2,PM2.5,9
20220224,3,PM2.5,8
20220224,4,PM2.5,11
20220224,5,PM2.5,14
20220224,6,PM2.5,15
20220224,7,PM2.5,19
20220224,8,PM2.5,22
20220224,9,PM2.5,24
20220224,10,PM2.5,29
20220224,11,PM2.5,28
20220224,12,PM2.5,25
20220224,13,PM2.5,26
20220224,14,PM2.5,25
20220224,15,PM2.5,21
20220224,16,PM2.5,22
20220224,17,PM2.5,24
20220224,18,PM2.5,23
20220224,19,PM2.5,27
20220224,20,PM2.5,34
20220224,21,PM2.5,31
20220224,22,PM2.5,29
20220224,23,PM2.5,29
20220225,0,PM2.5,29
20220225,1,PM2.5,29
20220225,2,PM2.5,30
20220225,3,PM2.5,31
20220225,4,PM2.5,33
20220225,5,PM2.5,33
20220225,6,PM2.5,34
20220225,7,PM2.5,35
20220225,8,PM2.5,40
20220225,9,PM2.5,49
20220225,10,PM2.5,44
20220225,11,PM2.5,52
20220225,12,PM2.5,52
20220225,13,PM2.5,57
20220225,14,PM2.5,50
20220225,15,PM2.5,44
20220225,16,PM2.5,43
20220225,17,PM2.5,50
20220225,18,PM2.5,69
20220225,19,PM2.5,75
20220225,20,PM2.5,84
20220225,21,PM2.5,80
20220225,22,PM2.5,71
20220225,23,PM2.5,75
20220226,0,PM2.5,35
20220226,1,PM2.5,8
20220226,2,PM2.5,7
20220226,3,PM2.5,6
20220226,4,PM2.5,4
20220226,5,PM2.5,3
20220226,6,PM2.5,4
20220226,7,PM2.5,6
20220226,8,PM2.5,7
20220226,9,PM2.5,6
20220226,10,PM2.5,6
20220226,11,PM2.5,6
20220226,12,PM2.5,7
20220226,13,PM2.5,9
20220226,14,PM2.5,8
20220226,15,PM2.5,6
20220226,16,PM2.5,5
20220226,17,PM2.5,5
20220226,18,PM2.5,6
20220226,19,PM2.5,10
20220226,20,PM2.5,16
20220226,21,PM2.5,20
20220226,22,PM2.5,12
20220226,23,PM2.5,7
20220227,0,PM2.5,6
20220227,1,PM2.5,7
20220227,2,PM2.5,6
20220227,3,PM2.5,7
20220227,4,PM2.5,8
20220227,5,PM2.5,7
20220227,6,PM2.5,6
20220227,7,PM2.5,8
20220227,8,PM2.5,10
20220227,9,PM2.5,19
20220227,10,PM2.5,20
20220227,11,PM2.5,21
20220227,12,PM2.5,22
20220227,13,PM2.5,22
20220227,14,PM2.5,19
20220227,15,PM2.5,17
20220227,16,PM2.5,19
20220227,17,PM2.5,21
20220227,18,PM2.5,28
20220227,19,PM2.5,35
20220227,20,PM2.5,53
20220227,21,PM2.5,38
20220227,22,PM2.5,33
20220227,23,PM2.5,40
20220228,0,PM2.5,42
20220228,1,PM2.5,39
20220228,2,PM2.5,41
20220228,3,PM2.5,42
20220228,4,PM2.5,43
20220228,5,PM2.5,48
20220228,6,PM2.5,69
20220228,7,PM2.5,62
20220228,8,PM2.5,57
20220228,9,PM2.5,60
20220228,10,PM2.5,69
20220228,11,PM2.5,74
20220228,12,PM2.5,78
20220228,13,PM2.5,80
20220228,14,PM2.5,83
20220228,15,PM2.5,83
20220228,16,PM2.5,84
20220228,17,PM2.5,82
20220228,18,PM2.5,16
20220228,19,PM2.5,8
20220228,20,PM2.5,13
20220228,22,PM2.5,8
20220228,23,PM2.5,7
20220301,0,PM2.5,6
20220301,1,PM2.5,5
20220301,2,PM2.5,5
20220301,3,PM2.5,4
20220301,4,PM2.5,4
20220301,5,PM2.5,5
20220301,6,PM2.5,4
20220301,7,PM2.5,5
20220301,8,PM2.5,6
20220301,9,PM2.5,7
20220301,10,PM2.5,8
20220301,11,PM2.5,8
20220301,12,PM2.5,9
20220301,13,PM2.5,8
20220301,14,PM2.5,7
20220301,15,PM2.5,6
20220301,16,PM2.5,7
20220301,17,PM2.5,10
20220301,18,PM2.5,11
20220301,19,PM2.5,12
20220301,20,PM2.5,18
20220301,21,PM2.5,20
20220301,22,PM2.5,22
20220301,23,PM2.5,16
20220302,0,PM2.5,13
20220302,1,PM2.5,18
20220302,2,PM2.5,17
20220302,3,PM2.5,16
20220302,4,PM2.5,14
20220302,5,PM2.5,13
20220302,6,PM2.5,15
20220302,7,PM2.5,16
20220302,8,PM2.5,18
20220302,9,PM2.5,19
20220302,10,PM2.5,20
20220302,11,PM2.5,21
20220302,12,PM2.5,21
20220302,13,PM2.5,20
20220302,14,PM2.5,17
20220302,15,PM2.5,15
20220302,16,PM2.5,11
20220302,17,PM2.5,9
20220302,18,PM2.5,9
20220302,19,PM2.5,10
20220302,20,PM2.5,11
20220302,21,PM2.5,9
20220302,22,PM2.5,12
20220302,23,PM2.5,9
20220303,0,PM2.5,10
20220303,1,PM2.5,8
20220303,2,PM2.5,7
20220303,3,PM2.5,7
20220303,4,PM2.5,9
20220303,5,PM2.5,17
20220303,6,PM2.5,19
20220303,7,PM2.5,19
20220303,8,PM2.5,21
20220303,9,PM2.5,22
20220303,10,PM2.5,22
20220303,11,PM2.5,22
20220303,12,PM2.5,23
20220303,13,PM2.5,23
20220303,14,PM2.5,24
20220303,15,PM2.5,26
20220303,16,PM2.5,27
20220303,17,PM2.5,30
20220303,18,PM2.5,33
20220303,19,PM2.5,39
20220303,20,PM2.5,45
20220303,21,PM2.5,37
20220303,22,PM2.5,34
20220303,23,PM2.5,35
20220304,0,PM2.5,38
20220304,1,PM2.5,39
20220304,2,PM2.5,37
20220304,3,PM2.5,37
20220304,4,PM2.5,39
20220304,5,PM2.5,41
20220304,6,PM2.5,40
20220304,7,PM2.5,43
20220304,8,PM2.5,43
20220304,9,PM2.5,22
20220304,10,PM2.5,20
20220304,11,PM2.5,23
20220304,12,PM2.5,18
20220304,13,PM2.5,13
20220304,14,PM2.5,7
20220304,15,PM2.5,6
20220304,16,PM2.5,5
20220304,17,PM2.5,6
20220304,18,PM2.5,7
20220304,19,PM2.5,8
20220304,20,PM2.5,9
20220304,21,PM2.5,8
20220304,22,PM2.5,7
20220304,23,PM2.5,5
20220305,0,PM2.5,5
20220305,1,PM2.5,6
20220305,2,PM2.5,5
20220305,3,PM2.5,5
20220305,4,PM2.5,5
20220305,5,PM2.5,6
20220305,6,PM2.5,7
20220305,7,PM2.5,12
20220305,8,PM2.5,7
20220305,9,PM2.5,17
20220305,10,PM2.5,12
20220305,11,PM2.5,9
20220305,12,PM2.5,10
20220305,13,PM2.5,11
20220305,14,PM2.5,10
20220305,15,PM2.5,6
20220305,16,PM2.5,6
20220305,17,PM2.5,12
20220305,18,PM2.5,11
20220305,19,PM2.5,12
20220305,20,PM2.5,18
20220305,21,PM2.5,15
20220305,22,PM2.5,17
20220305,23,PM2.5,14
20220306,0,PM2.5,12
20220306,1,PM2.5,9
20220306,2,PM2.5,8
20220306,3,PM2.5,6
20220306,4,PM2.5,7
20220306,5,PM2.5,6
20220306,6,PM2.5,7
20220306,7,PM2.5,9
20220306,8,PM2.5,10
20220306,9,PM2.5,21
20220306,10,PM2.5,19
20220306,11,PM2.5,26
20220306,12,PM2.5,25
20220306,13,PM2.5,26
20220306,14,PM2.5,27
20220306,15,PM2.5,24
20220306,16,PM2.5,23
20220306,17,PM2.5,28
20220306,18,PM2.5,30
20220306,19,PM2.5,34
20220306,20,PM2.5,42
20220306,21,PM2.5,31
20220306,22,PM2.5,25
20220306,23,PM2.5,26
20220307,0,PM2.5,26
20220307,1,PM2.5,29
20220307,2,PM2.5,32
20220307,3,PM2.5,33
20220307,4,PM2.5,31
20220307,5,PM2.5,43
20220307,6,PM2.5,34
20220307,7,PM2.5,28
20220307,8,PM2.5,21
20220307,9,PM2.5,14
20220307,10,PM2.5,10
20220307,11,PM2.5,8
20220307,12,PM2.5,8
20220307,13,PM2.5,7
20220307,14,PM2.5,6
20220307,15,PM2.5,6
20220307,16,PM2.5,5
20220307,17,PM2.5,6
20220307,18,PM2.5,16
20220307,19,PM2.5,25
20220307,20,PM2.5,32
20220307,21,PM2.5,40
20220307,22,PM2.5,32
20220307,23,PM2.5,30
20220308,0,PM2.5,29
20220308,1,PM2.5,29
20220308,2,PM2.5,38
20220308,3,PM2.5,41
20220308,4,PM2.5,36
20220308,5,PM2.5,33
20220308,6,PM2.5,35
20220308,7,PM2.5,34
20220308,8,PM2.5,36
20220308,9,PM2.5,41
20220308,10,PM2.5,44
20220308,11,PM2.5,47
20220308,12,PM2.5,53
20220308,13,PM2.5,57
20220308,14,PM2.5,60
20220308,15,PM2.5,62
20220308,16,PM2.5,64
20220308,17,PM2.5,64
20220308,18,PM2.5,65
20220308,19,PM2.5,73
20220308,20,PM2.5,81
20220308,21,PM2.5,71
20220308,22,PM2.5,71
20220308,23,PM2.5,74
20220309,0,PM2.5,67
20220309,1,PM2.5,63
20220309,2,PM2.5,67
20220309,3,PM2.5,67
20220309,4,PM2.5,67
20220309,5,PM2.5,67
20220309,6,PM2.5,68
20220309,7,PM2.5,70
20220309,8,PM2.5,75
20220309,9,PM2.5,85
20220309,10,PM2.5,88
20220309,11,PM2.5,112
20220309,12,PM2.5,117
20220309,13,PM2.5,109
20220309,14,PM2.5,105
20220309,15,PM2.5,115
20220309,16,PM2.5,120
20220309,17,PM2.5,129
20220309,18,PM2.5,138
20220309,19,PM2.5,145
20220309,20,PM2.5,150
20220309,21,PM2.5,145
20220309,22,PM2.5,142
20220309,23,PM2.5,137
20220310,0,PM2.5,138
20220310,1,PM2.5,137
20220310,2,PM2.5,143
20220310,3,PM2.5,147
20220310,4,PM2.5,149
20220310,5,PM2.5,150
20220310,6,PM2.5,150
20220310,7,PM2.5,154
20220310,8,PM2.5,157
20220310,9,PM2.5,160
20220310,10,PM2.5,169
20220310,11,PM2.5,172
20220310,12,PM2.5,170
20220310,13,PM2.5,173
20220310,14,PM2.5,171
20220310,15,PM2.5,166
20220310,16,PM2.5,167
20220310,17,PM2.5,161
20220310,18,PM2.5,161
20220310,19,PM2.5,165
20220310,20,PM2.5,166
20220310,21,PM2.5,158
20220310,22,PM2.5,158
20220310,23,PM2.5,158
20220311,0,PM2.5,157
20220311,1,PM2.5,157
20220311,2,PM2.5,156
20220311,3,PM2.5,156
20220311,4,PM2.5,155
20220311,5,PM2.5,157
20220311,6,PM2.5,161
20220311,7,PM2.5,155
20220311,8,PM2.5,147
20220311,9,PM2.5,138
20220311,10,PM2.5,148
20220311,11,PM2.5,148
20220311,12,PM2.5,154
20220311,13,PM2.5,105
20220311,14,PM2.5,75
20220311,15,PM2.5,58
20220311,16,PM2.5,33
20220311,17,PM2.5,34
20220311,18,PM2.5,35
20220311,19,PM2.5,40
20220311,20,PM2.5,43
20220311,21,PM2.5,42
20220311,22,PM2.5,33
20220311,23,PM2.5,34
20220312,0,PM2.5,27
20220312,1,PM2.5,31
20220312,2,PM2.5,29
20220312,3,PM2.5,27
20220312,4,PM2.5,25
20220312,5,PM2.5,25
20220312,6,PM2.5,27
20220312,7,PM2.5,34
20220312,8,PM2.5,28
20220312,9,PM2.5,24
20220312,10,PM2.5,23
20220312,11,PM2.5,25
20220312,12,PM2.5,30
20220312,13,PM2.5,29
20220312,14,PM2.5,33
20220312,15,PM2.5,37
20220312,16,PM2.5,42
20220312,17,PM2.5,45
20220312,18,PM2.5,47
20220312,19,PM2.5,51
20220312,20,PM2.5,53
20220312,21,PM2.5,56
20220312,22,PM2.5,59
20220312,23,PM2.5,55
20220313,0,PM2.5,55
20220313,1,PM2.5,56
20220313,2,PM2.5,58
20220313,3,PM2.5,60
20220313,4,PM2.5,61
20220313,5,PM2.5,59
20220313,6,PM2.5,56
20220313,7,PM2.5,49
20220313,8,PM2.5,40
20220313,9,PM2.5,56
20220313,10,PM2.5,61
20220313,11,PM2.5,54
20220313,12,PM2.5,63
20220313,13,PM2.5,83
20220313,14,PM2.5,89
20220313,15,PM2.5,81
20220313,16,PM2.5,67
20220313,17,PM2.5,54
20220313,18,PM2.5,41
20220313,19,PM2.5,49
20220313,20,PM2.5,50
20220313,21,PM2.5,64
20220313,22,PM2.5,41
20220313,23,PM2.5,32
20220314,0,PM2.5,39
20220314,1,PM2.5,49
20220314,2,PM2.5,50
20220314,3,PM2.5,50
20220314,4,PM2.5,50
20220314,5,PM2.5,46
20220314,6,PM2.5,42
20220314,7,PM2.5,42
20220314,8,PM2.5,49
20220314,9,PM2.5,48
20220314,10,PM2.5,22
20220314,11,PM2.5,5
20220314,12,PM2.5,4
20220314,13,PM2.5,4
20220314,14,PM2.5,3
20220314,15,PM2.5,3
20220314,16,PM2.5,4
20220314,17,PM2.5,18
20220314,18,PM2.5,34
20220314,19,PM2.5,44
20220314,20,PM2.5,42
20220314,21,PM2.5,40
20220314,22,PM2.5,41
20220314,23,PM2.5,40
20220315,0,PM2.5,57
20220315,1,PM2.5,78
20220315,2,PM2.5,60
20220315,3,PM2.5,49
20220315,4,PM2.5,35
20220315,5,PM2.5,31
20220315,6,PM2.5,29
20220315,7,PM2.5,27
20220315,8,PM2.5,28
20220315,9,PM2.5,35
20220315,10,PM2.5,42
20220315,11,PM2.5,43
20220315,12,PM2.5,45
20220315,13,PM2.5,46
20220315,14,PM2.5,46
20220315,15,PM2.5,46
20220315,16,PM2.5,45
20220315,17,PM2.5,46
20220315,18,PM2.5,47
20220315,19,PM2.5,49
20220315,20,PM2.5,51
20220315,21,PM2.5,53
20220315,22,PM2.5,51
20220315,23,PM2.5,50
20220316,0,PM2.5,52
20220316,1,PM2.5,55
20220316,2,PM2.5,56
20220316,3,PM2.5,50
20220316,4,PM2.5,48
20220316,5,PM2.5,55
20220316,6,PM2.5,80
20220316,7,PM2.5,64
20220316,8,PM2.5,40
20220316,9,PM2.5,34
20220316,10,PM2.5,35
20220316,11,PM2.5,38
20220316,12,PM2.5,43
20220316,13,PM2.5,46
20220316,14,PM2.5,50
20220316,15,PM2.5,49
20220316,16,PM2.5,46
20220316,17,PM2.5,49
20220316,18,PM2.5,54
20220316,19,PM2.5,55
20220316,21,PM2.5,59
20220316,22,PM2.5,40
20220316,23,PM2.5,28
20220317,0,PM2.5,18
20220317,1,PM2.5,15
20220317,2,PM2.5,15
20220317,3,PM2.5,14
20220317,4,PM2.5,10
20220317,5,PM2.5,10
20220317,6,PM2.5,10
20220317,7,PM2.5,10
20220317,8,PM2.5,11
20220317,9,PM2.5,12
20220317,10,PM2.5,12
20220317,11,PM2.5,13
20220317,12,PM2.5,12
20220317,13,PM2.5,16
20220317,14,PM2.5,20
20220317,15,PM2.5,19
20220317,16,PM2.5,23
20220317,17,PM2.5,25
20220317,18,PM2.5,30
20220317,19,PM2.5,32
20220317,20,PM2.5,31
20220317,21,PM2.5,30
20220317,22,PM2.5,34
20220317,23,PM2.5,34
20220318,0,PM2.5,34
20220318,1,PM2.5,35
20220318,2,PM2.5,38
20220318,3,PM2.5,42
20220318,4,PM2.5,44
20220318,5,PM2.5,43
20220318,6,PM2.5,45
20220318,7,PM2.5,47
20220318,8,PM2.5,47
20220318,9,PM2.5,49
20220318,10,PM2.5,49
20220318,11,PM2.5,46
20220318,12,PM2.5,50
20220318,13,PM2.5,57
20220318,14,PM2.5,55
20220318,15,PM2.5,48
20220318,16,PM2.5,41
20220318,17,PM2.5,47
20220318,18,PM2.5,43
20220318,19,PM2.5,46
20220318,20,PM2.5,46
20220318,21,PM2.5,48
20220318,22,PM2.5,51
20220318,23,PM2.5,48
20220319,0,PM2.5,45
20220319,1,PM2.5,44
20220319,2,PM2.5,42
20220319,3,PM2.5,39
20220319,4,PM2.5,39
20220319,5,PM2.5,32
20220319,6,PM2.5,44
20220319,7,PM2.5,51
20220319,8,PM2.5,39
20220319,9,PM2.5,22
20220319,10,PM2.5,31
20220319,11,PM2.5,13
20220319,12,PM2.5,8
20220319,13,PM2.5,9
20220319,14,PM2.5,7
20220319,15,PM2.5,7
20220319,16,PM2.5,8
20220319,17,PM2.5,8
20220319,18,PM2.5,9
20220319,19,PM2.5,12
20220319,20,PM2.5,16
20220319,21,PM2.5,17
20220319,22,PM2.5,19
20220319,23,PM2.5,22
20220320,0,PM2.5,24
20220320,1,PM2.5,25
20220320,2,PM2.5,28
20220320,3,PM2.5,23
20220320,4,PM2.5,23
20220320,5,PM2.5,26
20220320,6,PM2.5,29
20220320,7,PM2.5,34
20220320,8,PM2.5,34
20220320,9,PM2.5,36
20220320,10,PM2.5,38
20220320,11,PM2.5,46
20220320,12,PM2.5,50
20220320,13,PM2.5,55
20220320,14,PM2.5,51
20220320,15,PM2.5,39
20220320,16,PM2.5,25
20220320,17,PM2.5,5
20220320,18,PM2.5,4
20220320,19,PM2.5,6
20220320,20,PM2.5,8
20220320,21,PM2.5,5
20220320,22,PM2.5,6
20220320,23,PM2.5,6
20220321,0,PM2.5,6
20220321,1,PM2.5,7
20220321,2,PM2.5,6
20220321,3,PM2.5,6
20220321,4,PM2.5,6
20220321,5,PM2.5,7
20220321,6,PM2.5,7
20220321,7,PM2.5,7
20220321,8,PM2.5,8
20220321,9,PM2.5,8
20220321,10,PM2.5,8
20220321,11,PM2.5,7
20220321,12,PM2.5,8
20220321,13,PM2.5,6
20220321,14,PM2.5,7
20220321,15,PM2.5,7
20220321,16,PM2.5,5
20220321,17,PM2.5,4
20220321,18,PM2.5,4
20220321,19,PM2.5,5
20220321,20,PM2.5,5
20220321,21,PM2.5,5
20220321,22,PM2.5,6
20220321,23,PM2.5,6
20220322,0,PM2.5,7
20220322,1,PM2.5,7
20220322,2,PM2.5,8
20220322,3,PM2.5,6
20220322,4,PM2.5,6
20220322,5,PM2.5,8
20220322,6,PM2.5,9
20220322,7,PM2.5,11
20220322,8,PM2.5,11
20220322,9,PM2.5,12
20220322,10,PM2.5,13
20220322,11,PM2.5,13
20220322,12,PM2.5,12
20220322,13,PM2.5,13
20220322,14,PM2.5,11
20220322,15,PM2.5,10
20220322,16,PM2.5,13
20220322,17,PM2.5,17
20220322,18,PM2.5,20
20220322,19,PM2.5,23
20220322,20,PM2.5,24
20220322,21,PM2.5,23
20220322,22,PM2.5,25
20220322,23,PM2.5,31
20220323,0,PM2.5,26
20220323,1,PM2.5,24
20220323,2,PM2.5,25
20220323,3,PM2.5,26
20220323,4,PM2.5,28
20220323,5,PM2.5,30
20220323,6,PM2.5,29
20220323,7,PM2.5,30
20220323,8,PM2.5,36
20220323,9,PM2.5,41
20220323,10,PM2.5,41
20220323,11,PM2.5,44
20220323,12,PM2.5,48
20220323,13,PM2.5,51
20220323,14,PM2.5,53
20220323,15,PM2.5,53
20220323,16,PM2.5,55
20220323,17,PM2.5,60
20220323,18,PM2.5,65
20220323,19,PM2.5,69
20220323,20,PM2.5,72
20220323,21,PM2.5,70
20220323,22,PM2.5,70
20220323,23,PM2.5,70
20220324,0,PM2.5,71
20220324,1,PM2.5,71
20220324,2,PM2.5,74
20220324,3,PM2.5,76
20220324,4,PM2.5,75
20220324,5,PM2.5,76
20220324,6,PM2.5,80
20220324,7,PM2.5,78
20220324,8,PM2.5,80
20220324,9,PM2.5,83
20220324,10,PM2.5,86
20220324,11,PM2.5,97
20220324,12,PM2.5,106
20220324,13,PM2.5,109
20220324,14,PM2.5,113
20220324,15,PM2.5,114
20220324,16,PM2.5,112
20220324,17,PM2.5,116
20220324,18,PM2.5,122
20220324,19,PM2.5,123
20220324,20,PM2.5,124
20220324,21,PM2.5,126
20220324,22,PM2.5,126
20220324,23,PM2.5,129
20220325,0,PM2.5,132
20220325,1,PM2.5,132
20220325,2,PM2.5,128
20220325,3,PM2.5,116
20220325,4,PM2.5,126
20220325,5,PM2.5,124
20220325,6,PM2.5,116
20220325,7,PM2.5,100
20220325,8,PM2.5,61
20220325,9,PM2.5,39
20220325,10,PM2.5,32
20220325,11,PM2.5,27
20220325,12,PM2.5,20
20220325,13,PM2.5,14
20220325,14,PM2.5,16
20220325,15,PM2.5,24
20220325,16,PM2.5,23
20220325,17,PM2.5,22
20220325,18,PM2.5,22
20220325,19,PM2.5,19
20220325,20,PM2.5,24
20220325,21,PM2.5,18
20220325,22,PM2.5,16
20220325,23,PM2.5,19
20220326,0,PM2.5,15
20220326,1,PM2.5,19
20220326,2,PM2.5,17
20220326,3,PM2.5,17
20220326,4,PM2.5,17
20220326,5,PM2.5,17
20220326,6,PM2.5,13
20220326,7,PM2.5,14
20220326,8,PM2.5,16
20220326,9,PM2.5,16
20220326,10,PM2.5,18
20220326,11,PM2.5,21
20220326,12,PM2.5,29
20220326,13,PM2.5,24
20220326,14,PM2.5,23
20220326,15,PM2.5,18
20220326,16,PM2.5,15
20220326,17,PM2.5,19
20220326,18,PM2.5,17
20220326,19,PM2.5,17
20220326,20,PM2.5,17
20220326,21,PM2.5,8
20220326,22,PM2.5,6
20220326,23,PM2.5,5
20220327,0,PM2.5,4
20220327,1,PM2.5,4
20220327,2,PM2.5,4
20220327,3,PM2.5,5
20220327,4,PM2.5,5
20220327,5,PM2.5,5
20220327,6,PM2.5,6
20220327,7,PM2.5,6
20220327,8,PM2.5,6
20220327,9,PM2.5,8
20220327,10,PM2.5,8
20220327,11,PM2.5,7
20220327,12,PM2.5,8
20220327,13,PM2.5,7
20220327,14,PM2.5,7
20220327,15,PM2.5,7
20220327,16,PM2.5,7
20220327,17,PM2.5,7
20220327,18,PM2.5,10
20220327,19,PM2.5,15
20220327,20,PM2.5,11
20220327,21,PM2.5,11
20220327,22,PM2.5,16
20220327,23,PM2.5,16
20220328,0,PM2.5,15
20220328,1,PM2.5,12
20220328,2,PM2.5,12
20220328,3,PM2.5,14
20220328,4,PM2.5,14
20220328,5,PM2.5,16
20220328,6,PM2.5,14
20220328,7,PM2.5,17
20220328,8,PM2.5,21
20220328,9,PM2.5,25
20220328,10,PM2.5,28
20220328,11,PM2.5,30
20220328,12,PM2.5,30
20220328,13,PM2.5,27
20220328,14,PM2.5,31
20220328,15,PM2.5,37
20220328,16,PM2.5,39
20220328,17,PM2.5,39
20220328,18,PM2.5,41
20220328,19,PM2.5,42
20220328,20,PM2.5,44
20220328,21,PM2.5,49
20220328,22,PM2.5,50
20220328,23,PM2.5,48
20220329,0,PM2.5,47
20220329,1,PM2.5,45
20220329,2,PM2.5,43
20220329,3,PM2.5,42
20220329,4,PM2.5,39
20220329,5,PM2.5,39
20220329,6,PM2.5,42
20220329,7,PM2.5,46
20220329,8,PM2.5,48
20220329,9,PM2.5,50
20220329,10,PM2.5,52
20220329,11,PM2.5,53
20220329,12,PM2.5,54
20220329,13,PM2.5,53
20220329,14,PM2.5,55
20220329,15,PM2.5,56
20220329,16,PM2.5,56
20220329,17,PM2.5,55
20220329,18,PM2.5,58
20220329,19,PM2.5,59
20220329,20,PM2.5,61
20220329,21,PM2.5,62
20220329,22,PM2.5,63
20220329,23,PM2.5,65
20220330,0,PM2.5,65
20220330,1,PM2.5,66
20220330,2,PM2.5,68
20220330,3,PM2.5,69
20220330,4,PM2.5,69
20220330,5,PM2.5,75
20220330,6,PM2.5,62
20220330,7,PM2.5,18
20220330,8,PM2.5,13
20220330,9,PM2.5,13
20220330,10,PM2.5,14
20220330,11,PM2.5,9
20220330,12,PM2.5,10
20220330,13,PM2.5,11
20220330,14,PM2.5,12
20220330,15,PM2.5,13
20220330,16,PM2.5,15
20220330,17,PM2.5,14
20220330,18,PM2.5,16
20220330,19,PM2.5,19
20220330,20,PM2.5,19
20220330,21,PM2.5,20
20220330,22,PM2.5,24
20220330,23,PM2.5,19
20220331,0,PM2.5,12
20220331,1,PM2.5,14
20220331,2,PM2.5,18
20220331,3,PM2.5,15
20220331,4,PM2.5,20
20220331,5,PM2.5,19
20220331,6,PM2.5,19
20220331,7,PM2.5,22
20220331,8,PM2.5,24
20220331,9,PM2.5,11
20220331,10,PM2.5,4
20220331,11,PM2.5,3
20220331,12,PM2.5,3
20220331,13,PM2.5,3
20220331,14,PM2.5,3
20220331,15,PM2.5,3
20220331,16,PM2.5,3
20220331,17,PM2.5,3
20220331,18,PM2.5,3
20220331,19,PM2.5,3
20220331,20,PM2.5,4
20220331,21,PM2.5,6
20220331,22,PM2.5,5
20220331,23,PM2.5,5
20220401,0,PM2.5,4
20220401,1,PM2.5,4
20220401,2,PM2.5,5
20220401,3,PM2.5,4
20220401,4,PM2.5,7
20220401,5,PM2.5,5
20220401,6,PM2.5,4
20220401,7,PM2.5,5
20220401,8,PM2.5,7
20220401,9,PM2.5,9
20220401,10,PM2.5,8
20220401,11,PM2.5,6
20220401,12,PM2.5,7
20220401,13,PM2.5,8
20220401,14,PM2.5,10
20220401,15,PM2.5,10
20220401,16,PM2.5,11
20220401,17,PM2.5,12
20220401,18,PM2.5,14
20220401,19,PM2.5,18
20220401,20,PM2.5,27
20220401,21,PM2.5,25
20220401,22,PM2.5,23
20220401,23,PM2.5,21
20220402,0,PM2.5,21
20220402,1,PM2.5,23
20220402,2,PM2.5,22
20220402,3,PM2.5,22
20220402,4,PM2.5,15
20220402,5,PM2.5,10
20220402,6,PM2.5,10
20220402,7,PM2.5,11
20220402,8,PM2.5,8
20220402,9,PM2.5,7
20220402,10,PM2.5,6
20220402,11,PM2.5,5
20220402,12,PM2.5,5
20220402,13,PM2.5,5
20220402,14,PM2.5,5
20220402,15,PM2.5,5
20220402,16,PM2.5,5
20220402,17,PM2.5,5
20220402,18,PM2.5,7
20220402,19,PM2.5,10
20220402,20,PM2.5,12
20220402,21,PM2.5,13
20220402,22,PM2.5,10
20220402,23,PM2.5,19
20220403,0,PM2.5,9
20220403,1,PM2.5,6
20220403,2,PM2.5,5
20220403,3,PM2.5,6
20220403,4,PM2.5,6
20220403,5,PM2.5,8
20220403,6,PM2.5,10
20220403,7,PM2.5,9
20220403,8,PM2.5,9
20220403,9,PM2.5,14
20220403,10,PM2.5,17
20220403,11,PM2.5,17
20220403,12,PM2.5,22
20220403,13,PM2.5,24
20220403,14,PM2.5,21
20220403,15,PM2.5,19
20220403,16,PM2.5,19
20220403,17,PM2.5,20
20220403,18,PM2.5,24
20220403,19,PM2.5,28
20220403,20,PM2.5,36
20220403,21,PM2.5,38
20220403,22,PM2.5,41
20220403,23,PM2.5,42
20220404,0,PM2.5,40
20220404,1,PM2.5,39
20220404,2,PM2.5,37
20220404,3,PM2.5,40
20220404,4,PM2.5,39
20220404,5,PM2.5,40
20220404,6,PM2.5,41
20220404,7,PM2.5,45
20220404,8,PM2.5,52
20220404,9,PM2.5,65
20220404,10,PM2.5,75
20220404,11,PM2.5,79
20220404,12,PM2.5,79
20220404,13,PM2.5,80
20220404,14,PM2.5,87
20220404,15,PM2.5,86
20220404,16,PM2.5,83
20220404,17,PM2.5,82
20220404,18,PM2.5,83
20220404,19,PM2.5,85
20220404,20,PM2.5,87
20220404,21,PM2.5,90
20220404,22,PM2.5,89
20220404,23,PM2.5,86
20220405,0,PM2.5,84
20220405,1,PM2.5,85
20220405,2,PM2.5,88
20220405,3,PM2.5,88
20220405,4,PM2.5,88
20220405,5,PM2.5,91
20220405,6,PM2.5,94
20220405,7,PM2.5,96
20220405,8,PM2.5,69
20220405,9,PM2.5,39
20220405,10,PM2.5,21
20220405,11,PM2.5,15
20220405,12,PM2.5,13
20220405,13,PM2.5,11
20220405,14,PM2.5,12
20220405,15,PM2.5,12
20220405,16,PM2.5,7
20220405,17,PM2.5,6
20220405,18,PM2.5,5
20220405,19,PM2.5,6
20220405,20,PM2.5,7
20220405,21,PM2.5,16
20220405,22,PM2.5,36
20220405,23,PM2.5,31
20220406,0,PM2.5,28
20220406,1,PM2.5,17
20220406,2,PM2.5,11
20220406,3,PM2.5,9
20220406,4,PM2.5,9
20220406,5,PM2.5,10
20220406,6,PM2.5,9
20220406,7,PM2.5,9
20220406,8,PM2.5,9
20220406,9,PM2.5,11
20220406,10,PM2.5,11
20220406,11,PM2.5,12
20220406,12,PM2.5,11
20220406,13,PM2.5,10
20220406,14,PM2.5,10
20220406,15,PM2.5,11
20220406,16,PM2.5,12
20220406,17,PM2.5,13
20220406,18,PM2.5,14
20220406,19,PM2.5,16
20220406,20,PM2.5,16
20220406,21,PM2.5,15
20220406,22,PM2.5,15
20220406,23,PM2.5,15
20220407,0,PM2.5,15
20220407,1,PM2.5,14
20220407,2,PM2.5,15
20220407,3,PM2.5,15
20220407,4,PM2.5,14
20220407,5,PM2.5,15
20220407,6,PM2.5,15
20220407,7,PM2.5,16
20220407,8,PM2.5,17
20220407,9,PM2.5,19
20220407,10,PM2.5,22
20220407,11,PM2.5,23
20220407,12,PM2.5,24
20220407,13,PM2.5,25
20220407,14,PM2.5,28
20220407,15,PM2.5,30
20220407,16,PM2.5,33
20220407,17,PM2.5,34
20220407,18,PM2.5,33
20220407,19,PM2.5,34
20220407,20,PM2.5,46
20220407,21,PM2.5,54
20220407,22,PM2.5,42
20220407,23,PM2.5,42
20220408,0,PM2.5,61
20220408,1,PM2.5,81
20220408,2,PM2.5,86
20220408,3,PM2.5,82
20220408,4,PM2.5,85
20220408,5,PM2.5,89
20220408,6,PM2.5,89
20220408,7,PM2.5,92
20220408,8,PM2.5,99
20220408,9,PM2.5,113
20220408,10,PM2.5,121
20220408,11,PM2.5,133
20220408,12,PM2.5,148
20220408,13,PM2.5,156
20220408,14,PM2.5,160
20220408,15,PM2.5,170
20220408,16,PM2.5,179
20220408,17,PM2.5,162
20220408,18,PM2.5,155
20220408,19,PM2.5,143
20220408,20,PM2.5,131
20220408,21,PM2.5,125
20220408,22,PM2.5,114
20220408,23,PM2.5,116
20220409,0,PM2.5,113
20220409,1,PM2.5,110
20220409,2,PM2.5,109
20220409,3,PM2.5,111
20220409,4,PM2.5,111
20220409,5,PM2.5,105
20220409,6,PM2.5,101
20220409,7,PM2.5,100
20220409,8,PM2.5,105
20220409,9,PM2.5,93
20220409,10,PM2.5,98
20220409,11,PM2.5,95
20220409,12,PM2.5,90
20220409,13,PM2.5,98
20220409,14,PM2.5,90
20220409,15,PM2.5,76
20220409,16,PM2.5,66
20220409,17,PM2.5,53
20220409,18,PM2.5,51
20220409,19,PM2.5,49
20220409,20,PM2.5,49
20220409,21,PM2.5,48
20220409,22,PM2.5,43
20220409,23,PM2.5,47
20220410,0,PM2.5,55
20220410,1,PM2.5,64
20220410,2,PM2.5,73
20220410,3,PM2.5,76
20220410,4,PM2.5,80
20220410,5,PM2.5,69
20220410,6,PM2.5,64
20220410,7,PM2.5,67
20220410,8,PM2.5,73
20220410,9,PM2.5,82
20220410,10,PM2.5,85
20220410,12,PM2.5,79
20220410,13,PM2.5,86
20220410,14,PM2.5,86
20220410,15,PM2.5,84
20220410,16,PM2.5,83
20220410,17,PM2.5,81
20220410,18,PM2.5,80
20220410,19,PM2.5,81
20220410,20,PM2.5,81
20220410,21,PM2.5,78
20220410,22,PM2.5,83
20220410,23,PM2.5,85
20220411,0,PM2.5,81
20220411,1,PM2.5,80
20220411,2,PM2.5,82
20220411,3,PM2.5,85
20220411,4,PM2.5,80
20220411,5,PM2.5,73
20220411,6,PM2.5,74
20220411,7,PM2.5,71
20220411,8,PM2.5,65
20220411,9,PM2.5,69
20220411,10,PM2.5,66
20220411,11,PM2.5,31
20220411,12,PM2.5,42
20220411,13,PM2.5,46
20220411,14,PM2.5,52
20220411,15,PM2.5,48
20220411,16,PM2.5,27
20220411,17,PM2.5,21
20220411,18,PM2.5,17
20220411,19,PM2.5,9
20220411,20,PM2.5,8
20220411,21,PM2.5,7
20220411,22,PM2.5,7
20220411,23,PM2.5,9
20220412,0,PM2.5,12
20220412,1,PM2.5,13
20220412,2,PM2.5,12
20220412,3,PM2.5,12
20220412,4,PM2.5,10
20220412,5,PM2.5,7
20220412,6,PM2.5,6
20220412,7,PM2.5,5
20220412,8,PM2.5,4
20220412,9,PM2.5,5
20220412,10,PM2.5,6
20220412,11,PM2.5,5
20220412,12,PM2.5,4
20220412,13,PM2.5,3
20220412,14,PM2.5,4
20220412,15,PM2.5,5
20220412,16,PM2.5,5
20220412,17,PM2.5,6
20220412,18,PM2.5,8
20220412,19,PM2.5,12
20220412,20,PM2.5,18
20220412,21,PM2.5,29
20220412,22,PM2.5,44
20220412,23,PM2.5,38
20220413,0,PM2.5,33
20220413,1,PM2.5,30
20220413,2,PM2.5,25
20220413,3,PM2.5,25
20220413,4,PM2.5,37
20220413,5,PM2.5,45
20220413,6,PM2.5,42
20220413,7,PM2.5,41
20220413,8,PM2.5,36
20220413,9,PM2.5,30
20220413,10,PM2.5,24
20220413,11,PM2.5,23
20220413,12,PM2.5,26
20220413,13,PM2.5,28
20220413,14,PM2.5,31
20220413,15,PM2.5,38
20220413,16,PM2.5,33
20220413,17,PM2.5,29
20220413,18,PM2.5,29
20220413,19,PM2.5,29
20220413,20,PM2.5,28
20220413,21,PM2.5,29
20220413,22,PM2.5,25
20220413,23,PM2.5,20
20220414,0,PM2.5,22
20220414,1,PM2.5,25
20220414,2,PM2.5,26
20220414,3,PM2.5,27
20220414,4,PM2.5,30
20220414,5,PM2.5,18
20220414,6,PM2.5,4
20220414,7,PM2.5,6
20220414,8,PM2.5,9
20220414,9,PM2.5,7
20220414,10,PM2.5,7
20220414,11,PM2.5,7
20220414,12,PM2.5,8
20220414,13,PM2.5,8
20220414,14,PM2.5,7
20220414,15,PM2.5,6
20220414,16,PM2.5,8
20220414,17,PM2.5,7
20220414,18,PM2.5,7
20220414,19,PM2.5,7
20220414,20,PM2.5,7
20220414,21,PM2.5,7
20220414,22,PM2.5,11
20220414,23,PM2.5,16
20220415,0,PM2.5,20
20220415,1,PM2.5,22
20220415,2,PM2.5,20
20220415,3,PM2.5,10
20220415,4,PM2.5,7
20220415,5,PM2.5,7
20220415,6,PM2.5,7
20220415,7,PM2.5,7
20220415,8,PM2.5,7
20220415,9,PM2.5,6
20220415,10,PM2.5,6
20220415,11,PM2.5,6
20220415,12,PM2.5,5
20220415,13,PM2.5,4
20220415,14,PM2.5,4
20220415,15,PM2.5,4
20220415,16,PM2.5,4
20220415,17,PM2.5,5
20220415,18,PM2.5,5
20220415,19,PM2.5,6
20220415,20,PM2.5,8
20220415,21,PM2.5,9
20220415,22,PM2.5,8
20220415,23,PM2.5,8
20220416,0,PM2.5,7
20220416,1,PM2.5,7
20220416,2,PM2.5,4
20220416,3,PM2.5,5
20220416,4,PM2.5,6
20220416,5,PM2.5,7
20220416,6,PM2.5,7
20220416,7,PM2.5,8
20220416,8,PM2.5,8
20220416,9,PM2.5,7
20220416,10,PM2.5,6
20220416,11,PM2.5,5
20220416,12,PM2.5,5
20220416,13,PM2.5,6
20220416,14,PM2.5,6
20220416,15,PM2.5,6
20220416,16,PM2.5,7
20220416,17,PM2.5,7
20220416,18,PM2.5,8
20220416,19,PM2.5,11
20220416,20,PM2.5,16
20220416,21,PM2.5,20
20220416,22,PM2.5,14
20220416,23,PM2.5,12
20220417,0,PM2.5,11
20220417,1,PM2.5,11
20220417,2,PM2.5,11
20220417,3,PM2.5,11
20220417,4,PM2.5,17
20220417,5,PM2.5,11
20220417,6,PM2.5,12
20220417,7,PM2.5,11
20220417,8,PM2.5,13
20220417,9,PM2.5,17
20220417,10,PM2.5,20
20220417,11,PM2.5,20
20220417,12,PM2.5,26
20220417,13,PM2.5,25
20220417,14,PM2.5,26
20220417,15,PM2.5,29
20220417,16,PM2.5,28
20220417,17,PM2.5,35
20220417,18,PM2.5,41
20220417,19,PM2.5,49
20220417,20,PM2.5,54
20220417,21,PM2.5,57
20220417,22,PM2.5,50
20220417,23,PM2.5,47
20220418,0,PM2.5,47
20220418,1,PM2.5,47
20220418,2,PM2.5,47
20220418,3,PM2.5,44
20220418,4,PM2.5,46
20220418,5,PM2.5,45
20220418,6,PM2.5,44
20220418,7,PM2.5,47
20220418,8,PM2.5,52
20220418,9,PM2.5,43
20220418,10,PM2.5,19
20220418,11,PM2.5,37
20220418,12,PM2.5,23
20220418,13,PM2.5,19
20220418,14,PM2.5,25
20220418,15,PM2.5,27
20220418,16,PM2.5,29
20220418,17,PM2.5,40
20220418,18,PM2.5,44
20220418,19,PM2.5,47
20220418,20,PM2.5,53
20220418,21,PM2.5,55
20220418,22,PM2.5,55
20220418,23,PM2.5,52
20220419,0,PM2.5,51
20220419,1,PM2.5,53
20220419,2,PM2.5,55
20220419,3,PM2.5,57
20220419,4,PM2.5,58
20220419,5,PM2.5,57
20220419,6,PM2.5,58
20220419,7,PM2.5,53
20220419,8,PM2.5,48
20220419,9,PM2.5,54
20220419,10,PM2.5,48
20220419,11,PM2.5,29
20220419,12,PM2.5,17
20220419,13,PM2.5,8
20220419,14,PM2.5,17
20220419,15,PM2.5,25
20220419,16,PM2.5,19
20220419,17,PM2.5,19
20220419,18,PM2.5,18
20220419,19,PM2.5,16
20220419,20,PM2.5,18
20220419,21,PM2.5,22
20220419,22,PM2.5,22
20220419,23,PM2.5,18
20220420,0,PM2.5,17
20220420,1,PM2.5,18
20220420,2,PM2.5,18
20220420,3,PM2.5,19
20220420,4,PM2.5,19
20220420,5,PM2.5,21
20220420,6,PM2.5,20
20220420,7,PM2.5,20
20220420,8,PM2.5,25
20220420,9,PM2.5,31
20220420,10,PM2.5,45
20220420,11,PM2.5,56
20220420,12,PM2.5,58
20220420,13,PM2.5,60
20220420,14,PM2.5,63
20220420,15,PM2.5,55
20220420,16,PM2.5,47
20220420,17,PM2.5,28
20220420,18,PM2.5,27
20220420,19,PM2.5,23
20220420,20,PM2.5,23
20220420,21,PM2.5,28
20220420,22,PM2.5,27
20220420,23,PM2.5,26
20220421,0,PM2.5,25
20220421,1,PM2.5,32
20220421,2,PM2.5,34
20220421,3,PM2.5,26
20220421,4,PM2.5,26
20220421,5,PM2.5,30
20220421,6,PM2.5,31
20220421,7,PM2.5,34
20220421,8,PM2.5,34
20220421,9,PM2.5,36
20220421,10,PM2.5,39
20220421,11,PM2.5,43
20220421,12,PM2.5,49
20220421,13,PM2.5,53
20220421,14,PM2.5,66
20220421,15,PM2.5,60
20220421,16,PM2.5,60
20220421,17,PM2.5,52
20220421,18,PM2.5,47
20220421,19,PM2.5,39
20220421,20,PM2.5,30
20220421,21,PM2.5,21
20220421,22,PM2.5,20
20220421,23,PM2.5,17
20220422,0,PM2.5,12
20220422,1,PM2.5,12
20220422,2,PM2.5,6
20220422,3,PM2.5,11
20220422,4,PM2.5,8
20220422,5,PM2.5,8
20220422,6,PM2.5,8
20220422,7,PM2.5,16
20220422,8,PM2.5,8
20220422,9,PM2.5,7
20220422,10,PM2.5,8
20220422,11,PM2.5,39
20220422,12,PM2.5,6
20220422,13,PM2.5,7
20220422,14,PM2.5,7
20220422,15,PM2.5,8
20220422,16,PM2.5,8
20220422,17,PM2.5,9
20220422,18,PM2.5,11
20220422,19,PM2.5,34
20220422,20,PM2.5,24
20220422,21,PM2.5,20
20220422,22,PM2.5,17
20220422,23,PM2.5,17
20220423,0,PM2.5,18
20220423,1,PM2.5,21
20220423,2,PM2.5,20
20220423,3,PM2.5,20
20220423,4,PM2.5,21
20220423,5,PM2.5,19
20220423,6,PM2.5,19
20220423,7,PM2.5,22
20220423,8,PM2.5,35
20220423,9,PM2.5,40
20220423,10,PM2.5,41
20220423,11,PM2.5,45
20220423,12,PM2.5,47
20220423,13,PM2.5,49
20220423,14,PM2.5,57
20220423,15,PM2.5,57
20220423,16,PM2.5,57
20220423,17,PM2.5,57
20220423,18,PM2.5,45
20220423,19,PM2.5,40
20220423,20,PM2.5,47
20220423,21,PM2.5,52
20220423,22,PM2.5,47
20220423,23,PM2.5,44
20220424,0,PM2.5,40
20220424,1,PM2.5,34
20220424,2,PM2.5,33
20220424,3,PM2.5,34
20220424,4,PM2.5,39
20220424,5,PM2.5,41
20220424,6,PM2.5,43
20220424,7,PM2.5,38
20220424,8,PM2.5,41
20220424,9,PM2.5,43
20220424,10,PM2.5,44
20220424,11,PM2.5,36
20220424,12,PM2.5,39
20220424,13,PM2.5,46
20220424,14,PM2.5,55
20220424,15,PM2.5,67
20220424,16,PM2.5,76
20220424,17,PM2.5,65
20220424,18,PM2.5,60
20220424,19,PM2.5,58
20220424,20,PM2.5,52
20220424,21,PM2.5,47
20220424,22,PM2.5,39
20220424,23,PM2.5,33
20220425,0,PM2.5,32
20220425,1,PM2.5,38
20220425,2,PM2.5,33
20220425,3,PM2.5,29
20220425,4,PM2.5,30
20220425,5,PM2.5,31
20220425,6,PM2.5,33
20220425,7,PM2.5,37
20220425,8,PM2.5,37
20220425,9,PM2.5,58
20220425,10,PM2.5,67
20220425,11,PM2.5,65
20220425,12,PM2.5,61
20220425,13,PM2.5,59
20220425,14,PM2.5,64
20220425,15,PM2.5,63
20220425,16,PM2.5,59
20220425,17,PM2.5,52
20220425,18,PM2.5,57
20220425,19,PM2.5,61
20220425,20,PM2.5,61
20220425,21,PM2.5,59
20220425,22,PM2.5,55
20220425,23,PM2.5,56
20220426,0,PM2.5,58
20220426,1,PM2.5,64
20220426,2,PM2.5,25
20220426,3,PM2.5,12
20220426,4,PM2.5,15
20220426,5,PM2.5,25
20220426,6,PM2.5,36
20220426,7,PM2.5,39
20220426,8,PM2.5,37
20220426,9,PM2.5,27
20220426,10,PM2.5,20
20220426,11,PM2.5,13
20220426,12,PM2.5,10
20220426,13,PM2.5,9
20220426,14,PM2.5,8
20220426,15,PM2.5,7
20220426,16,PM2.5,6
20220426,17,PM2.5,7
20220426,18,PM2.5,8
20220426,19,PM2.5,9
20220426,20,PM2.5,10
20220426,21,PM2.5,10
20220426,22,PM2.5,9
20220426,23,PM2.5,8
20220427,0,PM2.5,6
20220427,1,PM2.5,6
20220427,2,PM2.5,5
20220427,3,PM2.5,5
20220427,4,PM2.5,5
20220427,5,PM2.5,5
20220427,6,PM2.5,6
20220427,7,PM2.5,8
20220427,8,PM2.5,15
20220427,9,PM2.5,7
20220427,10,PM2.5,7
20220427,11,PM2.5,8
20220427,12,PM2.5,9
20220427,13,PM2.5,9
20220427,14,PM2.5,8
20220427,15,PM2.5,12
20220427,16,PM2.5,10
20220427,17,PM2.5,11
20220427,18,PM2.5,12
20220427,19,PM2.5,13
20220427,20,PM2.5,12
20220427,21,PM2.5,12
20220427,22,PM2.5,11
20220427,23,PM2.5,11
20220428,0,PM2.5,10
20220428,1,PM2.5,10
20220428,2,PM2.5,10
20220428,3,PM2.5,8
20220428,4,PM2.5,10
20220428,5,PM2.5,12
20220428,6,PM2.5,12
20220428,7,PM2.5,11
20220428,8,PM2.5,10
20220428,9,PM2.5,12
20220428,10,PM2.5,11
20220428,11,PM2.5,9
20220428,12,PM2.5,10
20220428,13,PM2.5,11
20220428,14,PM2.5,13
20220428,15,PM2.5,12
20220428,16,PM2.5,10
20220428,17,PM2.5,11
20220428,18,PM2.5,15
20220428,19,PM2.5,19
20220428,20,PM2.5,19
20220428,21,PM2.5,19
20220428,22,PM2.5,20
20220428,23,PM2.5,23
20220429,0,PM2.5,25
20220429,1,PM2.5,25
20220429,2,PM2.5,29
20220429,3,PM2.5,33
20220429,4,PM2.5,34
20220429,5,PM2.5,33
20220429,6,PM2.5,32
20220429,7,PM2.5,34
20220429,8,PM2.5,35
20220429,9,PM2.5,35
20220429,10,PM2.5,38
20220429,11,PM2.5,35
20220429,12,PM2.5,36
20220429,13,PM2.5,41
20220429,14,PM2.5,40
20220429,15,PM2.5,41
20220429,16,PM2.5,44
20220429,17,PM2.5,44
20220429,18,PM2.5,48
20220429,19,PM2.5,49
20220429,20,PM2.5,50
20220429,21,PM2.5,51
20220429,22,PM2.5,12
20220429,23,PM2.5,4
20220430,0,PM2.5,3
20220430,1,PM2.5,2
20220430,2,PM2.5,2
20220430,3,PM2.5,2
20220430,4,PM2.5,2
20220430,5,PM2.5,2
20220430,6,PM2.5,2
20220430,7,PM2.5,2
20220430,8,PM2.5,2
20220430,9,PM2.5,2
20220430,10,PM2.5,2
20220430,11,PM2.5,3
20220430,12,PM2.5,4
20220430,13,PM2.5,3
20220430,14,PM2.5,3
20220430,15,PM2.5,3
20220430,16,PM2.5,3
20220430,17,PM2.5,3
20220430,18,PM2.5,3
20220430,19,PM2.5,4
20220430,20,PM2.5,6
20220430,21,PM2.5,7
20220430,22,PM2.5,5
20220430,23,PM2.5,6
20220501,0,PM2.5,9
20220501,1,PM2.5,5
20220501,2,PM2.5,5
20220501,3,PM2.5,5
20220501,4,PM2.5,6
20220501,5,PM2.5,9
20220501,6,PM2.5,6
20220501,7,PM2.5,5
20220501,8,PM2.5,5
20220501,9,PM2.5,5
20220501,10,PM2.5,5
20220501,11,PM2.5,6
20220501,12,PM2.5,7
20220501,13,PM2.5,7
20220501,14,PM2.5,6
20220501,15,PM2.5,6
20220501,16,PM2.5,6
20220501,17,PM2.5,9
20220501,18,PM2.5,9
20220501,19,PM2.5,9
20220501,20,PM2.5,11
20220501,21,PM2.5,15
20220501,22,PM2.5,14
20220501,23,PM2.5,14
20220502,0,PM2.5,15
20220502,1,PM2.5,14
20220502,2,PM2.5,14
20220502,3,PM2.5,15
20220502,4,PM2.5,14
20220502,5,PM2.5,16
20220502,6,PM2.5,15
20220502,7,PM2.5,16
20220502,8,PM2.5,24
20220502,9,PM2.5,44
20220502,10,PM2.5,39
20220502,11,PM2.5,38
20220502,12,PM2.5,37
20220502,13,PM2.5,41
20220502,14,PM2.5,42
20220502,15,PM2.5,31
20220502,16,PM2.5,23
20220502,17,PM2.5,20
20220502,18,PM2.5,16
20220502,19,PM2.5,14
20220502,20,PM2.5,13
20220502,21,PM2.5,25
20220502,22,PM2.5,26
20220502,23,PM2.5,19
20220503,0,PM2.5,19
20220503,1,PM2.5,22
